123456|user1|user1@ycp.edu|Baby|Legs|902000001
123457|user2|user2@ycp.edu|Martine|Salvas|902000002
123458|user3|user3@ycp.edu|Dorene|Harshberger|902000003
123459|user4|user4@ycp.edu|Layne|Kram|902000004
123460|user5|user5@ycp.edu|Leonore|Croyle|902000005
123501|user6|user6@ycp.edu|Summer|Bolender|902000006
123512|user7|user7@ycp.edu|Reginia|Grosz|902000007
123523|user8|user8@ycp.edu|Starla|Nickerson|902000008
123534|user9|user9@ycp.edu|Earnest|Doster|902000009
123545|user10|user10@ycp.edu|Ena|Rasnick|902000010
123556|user11|user11@ycp.edu|Candie|Duggan|902000011
123567|user12|user12@ycp.edu|Zana|Roselli|902000012
123578|user13|user13@ycp.edu|Opal|Howells|902000013
123589|user14|user14@ycp.edu|Jere|Verdin|902000014
1235910|user15|user15@ycp.edu|Kiyoko|Irey|902000015
1236011|user16|user16@ycp.edu|Abradolf|Lincler|902000000
1236112|user17|user17@ycp.edu|Rick|Sanchez|902000000
1236213|user18|user18@ycp.edu|Honald|Dake|902000000
1236314|user19|user19@ycp.edu|Morty|Smith|902000000
1236415|user20|user20@ycp.edu|Bird|Person|902000000
admin123|jporter7|jporter7@ycp.edu|Jason|Porter|903647689
admin123|emusk|emusk@ycp.edu|Elon|Musk|903647689
admin123|emusk|emusk@ycp.edu|Elon|Musk|903647690
admin123|emusk|emusk@ycp.edu|Elon|Musk|903647691
admin123|emusk|emusk@ycp.edu|Elon|Musk|903647692
admin123|emusk|emusk@ycp.edu|Elon|Musk|903647693
admin123|emusk|emusk@ycp.edu|Elon|Musk|903647694
admin123|emusk|emusk@ycp.edu|Elon|Musk|903647695
admin123|emusk|emusk@ycp.edu|Elon|Musk|903647696
admin123|emusk|emusk@ycp.edu|Elon|Musk|903647697
admin123|emusk|emusk@ycp.edu|Elon|Musk|903647698
admin123|emusk|emusk@ycp.edu|Elon|Musk|903647699
admin123|emusk|emusk@ycp.edu|Elon|Musk|903647700
admin123|emusk|emusk@ycp.edu|Elon|Musk|903647701
admin123|emusk|emusk@ycp.edu|Elon|Musk|903647702
admin123|emusk|emusk@ycp.edu|Elon|Musk|903647703
admin123|emusk|emusk@ycp.edu|Elon|Musk|903647704
admin123|emusk|emusk@ycp.edu|Elon|Musk|903647705
admin123|emusk|emusk@ycp.edu|Elon|Musk|903647706
admin123|emusk|emusk@ycp.edu|Elon|Musk|903647707
admin123|emusk|emusk@ycp.edu|Elon|Musk|903647708
admin123|emusk|emusk@ycp.edu|Elon|Musk|903647709
admin123|emusk|emusk@ycp.edu|Elon|Musk|903647710
admin123|emusk|emusk@ycp.edu|Elon|Musk|903647711
admin123|emusk|emusk@ycp.edu|Elon|Musk|903647712
admin123|emusk|emusk@ycp.edu|Elon|Musk|903647713
admin123|emusk|emusk@ycp.edu|Elon|Musk|903647714
admin123|emusk|emusk@ycp.edu|Elon|Musk|903647715
admin123|emusk|emusk@ycp.edu|Elon|Musk|903647716
admin123|emusk|emusk@ycp.edu|Elon|Musk|903647717
admin123|emusk|emusk@ycp.edu|Elon|Musk|903647718
admin123|emusk|emusk@ycp.edu|Elon|Musk|903647719
admin123|emusk|emusk@ycp.edu|Elon|Musk|903647720
admin123|emusk|emusk@ycp.edu|Elon|Musk|903647721
admin123|emusk|emusk@ycp.edu|Elon|Musk|903647722
admin123|emusk|emusk@ycp.edu|Elon|Musk|903647723
admin123|emusk|emusk@ycp.edu|Elon|Musk|903647724
admin123|emusk|emusk@ycp.edu|Elon|Musk|903647725
admin123|emusk|emusk@ycp.edu|Elon|Musk|903647726
admin123|emusk|emusk@ycp.edu|Elon|Musk|903647727
admin123|emusk|emusk@ycp.edu|Elon|Musk|903647728
admin123|emusk|emusk@ycp.edu|Elon|Musk|903647729
admin123|emusk|emusk@ycp.edu|Elon|Musk|903647730
admin123|emusk|emusk@ycp.edu|Elon|Musk|903647731
admin123|emusk|emusk@ycp.edu|Elon|Musk|903647732
admin123|emusk|emusk@ycp.edu|Elon|Musk|903647733
admin123|emusk|emusk@ycp.edu|Elon|Musk|903647734
admin123|emusk|emusk@ycp.edu|Elon|Musk|903647735
admin123|emusk|emusk@ycp.edu|Elon|Musk|903647736
admin123|emusk|emusk@ycp.edu|Elon|Musk|903647737
admin123|emusk|emusk@ycp.edu|Elon|Musk|903647738
admin123|emusk|emusk@ycp.edu|Elon|Musk|903647739
admin123|emusk|emusk@ycp.edu|Elon|Musk|903647740
admin123|emusk|emusk@ycp.edu|Elon|Musk|903647741
admin123|emusk|emusk@ycp.edu|Elon|Musk|903647742
admin123|emusk|emusk@ycp.edu|Elon|Musk|903647743
admin123|emusk|emusk@ycp.edu|Elon|Musk|903647744
admin123|emusk|emusk@ycp.edu|Elon|Musk|903647745
admin123|emusk|emusk@ycp.edu|Elon|Musk|903647746
admin123|emusk|emusk@ycp.edu|Elon|Musk|903647747
admin123|emusk|emusk@ycp.edu|Elon|Musk|903647748
admin123|emusk|emusk@ycp.edu|Elon|Musk|903647749
admin123|emusk|emusk@ycp.edu|Elon|Musk|903647750
admin123|emusk|emusk@ycp.edu|Elon|Musk|903647751
admin123|emusk|emusk@ycp.edu|Elon|Musk|903647752
admin123|emusk|emusk@ycp.edu|Elon|Musk|903647753
admin123|emusk|emusk@ycp.edu|Elon|Musk|903647754
admin123|emusk|emusk@ycp.edu|Elon|Musk|903647755
admin123|emusk|emusk@ycp.edu|Elon|Musk|903647756
admin123|emusk|emusk@ycp.edu|Elon|Musk|903647757
admin123|emusk|emusk@ycp.edu|Elon|Musk|903647758
admin123|emusk|emusk@ycp.edu|Elon|Musk|903647759
admin123|emusk|emusk@ycp.edu|Elon|Musk|903647760
admin123|emusk|emusk@ycp.edu|Elon|Musk|903647761
admin123|emusk|emusk@ycp.edu|Elon|Musk|903647762
admin123|emusk|emusk@ycp.edu|Elon|Musk|903647763
admin123|emusk|emusk@ycp.edu|Elon|Musk|903647764
admin123|emusk|emusk@ycp.edu|Elon|Musk|903647765
admin123|emusk|emusk@ycp.edu|Elon|Musk|903647766
admin123|emusk|emusk@ycp.edu|Elon|Musk|903647767
admin123|emusk|emusk@ycp.edu|Elon|Musk|903647768
admin123|emusk|emusk@ycp.edu|Elon|Musk|903647769
admin123|emusk|emusk@ycp.edu|Elon|Musk|903647770
admin123|emusk|emusk@ycp.edu|Elon|Musk|903647771
admin123|emusk|emusk@ycp.edu|Elon|Musk|903647772
admin123|emusk|emusk@ycp.edu|Elon|Musk|903647773
admin123|emusk|emusk@ycp.edu|Elon|Musk|903647774
admin123|emusk|emusk@ycp.edu|Elon|Musk|903647775
admin123|emusk|emusk@ycp.edu|Elon|Musk|903647776
admin123|emusk|emusk@ycp.edu|Elon|Musk|903647777
admin123|emusk|emusk@ycp.edu|Elon|Musk|903647778
admin123|emusk|emusk@ycp.edu|Elon|Musk|903647779
admin123|emusk|emusk@ycp.edu|Elon|Musk|903647780
admin123|emusk|emusk@ycp.edu|Elon|Musk|903647781
admin123|emusk|emusk@ycp.edu|Elon|Musk|903647782
admin123|emusk|emusk@ycp.edu|Elon|Musk|903647783
admin123|emusk|emusk@ycp.edu|Elon|Musk|903647784
admin123|emusk|emusk@ycp.edu|Elon|Musk|903647785
admin123|emusk|emusk@ycp.edu|Elon|Musk|903647786
admin123|emusk|emusk@ycp.edu|Elon|Musk|903647787
admin123|emusk|emusk@ycp.edu|Elon|Musk|903647788
admin123|emusk|emusk@ycp.edu|Elon|Musk|903647789
admin123|emusk|emusk@ycp.edu|Elon|Musk|903647790
admin123|emusk|emusk@ycp.edu|Elon|Musk|903647791
admin123|emusk|emusk@ycp.edu|Elon|Musk|903647792
admin123|emusk|emusk@ycp.edu|Elon|Musk|903647793
admin123|emusk|emusk@ycp.edu|Elon|Musk|903647794
admin123|emusk|emusk@ycp.edu|Elon|Musk|903647795
admin123|emusk|emusk@ycp.edu|Elon|Musk|903647796
admin123|emusk|emusk@ycp.edu|Elon|Musk|903647797
admin123|emusk|emusk@ycp.edu|Elon|Musk|903647798
admin123|emusk|emusk@ycp.edu|Elon|Musk|903647799
admin123|emusk|emusk@ycp.edu|Elon|Musk|903647800
admin123|emusk|emusk@ycp.edu|Elon|Musk|903647801
admin123|emusk|emusk@ycp.edu|Elon|Musk|903647802
admin123|emusk|emusk@ycp.edu|Elon|Musk|903647803
admin123|emusk|emusk@ycp.edu|Elon|Musk|903647804
admin123|emusk|emusk@ycp.edu|Elon|Musk|903647805
admin123|emusk|emusk@ycp.edu|Elon|Musk|903647806
admin123|emusk|emusk@ycp.edu|Elon|Musk|903647807
admin123|emusk|emusk@ycp.edu|Elon|Musk|903647808
admin123|emusk|emusk@ycp.edu|Elon|Musk|903647809
admin123|emusk|emusk@ycp.edu|Elon|Musk|903647810
admin123|emusk|emusk@ycp.edu|Elon|Musk|903647811
admin123|emusk|emusk@ycp.edu|Elon|Musk|903647812
admin123|emusk|emusk@ycp.edu|Elon|Musk|903647813
admin123|emusk|emusk@ycp.edu|Elon|Musk|903647814
admin123|emusk|emusk@ycp.edu|Elon|Musk|903647815
admin123|emusk|emusk@ycp.edu|Elon|Musk|903647816
admin123|emusk|emusk@ycp.edu|Elon|Musk|903647817
admin123|emusk|emusk@ycp.edu|Elon|Musk|903647818
admin123|emusk|emusk@ycp.edu|Elon|Musk|903647819
admin123|emusk|emusk@ycp.edu|Elon|Musk|903647820
admin123|emusk|emusk@ycp.edu|Elon|Musk|903647821
admin123|emusk|emusk@ycp.edu|Elon|Musk|903647822
admin123|emusk|emusk@ycp.edu|Elon|Musk|903647823
admin123|emusk|emusk@ycp.edu|Elon|Musk|903647824
admin123|emusk|emusk@ycp.edu|Elon|Musk|903647825
admin123|emusk|emusk@ycp.edu|Elon|Musk|903647826
admin123|emusk|emusk@ycp.edu|Elon|Musk|903647827
admin123|emusk|emusk@ycp.edu|Elon|Musk|903647828
admin123|emusk|emusk@ycp.edu|Elon|Musk|903647829
admin123|emusk|emusk@ycp.edu|Elon|Musk|903647830
admin123|emusk|emusk@ycp.edu|Elon|Musk|903647831
admin123|emusk|emusk@ycp.edu|Elon|Musk|903647832
admin123|emusk|emusk@ycp.edu|Elon|Musk|903647833
admin123|emusk|emusk@ycp.edu|Elon|Musk|903647834
admin123|emusk|emusk@ycp.edu|Elon|Musk|903647835
admin123|emusk|emusk@ycp.edu|Elon|Musk|903647836
admin123|emusk|emusk@ycp.edu|Elon|Musk|903647837
admin123|emusk|emusk@ycp.edu|Elon|Musk|903647838
admin123|emusk|emusk@ycp.edu|Elon|Musk|903647839
admin123|emusk|emusk@ycp.edu|Elon|Musk|903647840
admin123|emusk|emusk@ycp.edu|Elon|Musk|903647841
admin123|emusk|emusk@ycp.edu|Elon|Musk|903647842
admin123|emusk|emusk@ycp.edu|Elon|Musk|903647843
admin123|emusk|emusk@ycp.edu|Elon|Musk|903647844
admin123|emusk|emusk@ycp.edu|Elon|Musk|903647845
admin123|emusk|emusk@ycp.edu|Elon|Musk|903647846
admin123|emusk|emusk@ycp.edu|Elon|Musk|903647847
admin123|emusk|emusk@ycp.edu|Elon|Musk|903647848
admin123|emusk|emusk@ycp.edu|Elon|Musk|903647849
admin123|emusk|emusk@ycp.edu|Elon|Musk|903647850
admin123|emusk|emusk@ycp.edu|Elon|Musk|903647851
admin123|emusk|emusk@ycp.edu|Elon|Musk|903647852
admin123|emusk|emusk@ycp.edu|Elon|Musk|903647853
admin123|emusk|emusk@ycp.edu|Elon|Musk|903647854
admin123|emusk|emusk@ycp.edu|Elon|Musk|903647855
admin123|emusk|emusk@ycp.edu|Elon|Musk|903647856
admin123|emusk|emusk@ycp.edu|Elon|Musk|903647857
admin123|emusk|emusk@ycp.edu|Elon|Musk|903647858
admin123|emusk|emusk@ycp.edu|Elon|Musk|903647859
admin123|emusk|emusk@ycp.edu|Elon|Musk|903647860
admin123|emusk|emusk@ycp.edu|Elon|Musk|903647861
admin123|emusk|emusk@ycp.edu|Elon|Musk|903647862
admin123|emusk|emusk@ycp.edu|Elon|Musk|903647863
admin123|emusk|emusk@ycp.edu|Elon|Musk|903647864
admin123|emusk|emusk@ycp.edu|Elon|Musk|903647865
admin123|emusk|emusk@ycp.edu|Elon|Musk|903647866
admin123|emusk|emusk@ycp.edu|Elon|Musk|903647867
